{
  "bitcoinlib_test":
  {
    "description": "Bitcoinlib Test",
    "currency_name": "bitcoinlib_test",
    "currency_name_plural": "bitcoinlib_test",
    "currency_symbol": "T",
    "currency_code": "TST",
    "prefix_address": "90",
    "prefix_address_p2sh": "95",
    "prefix_bech32": "blt",
    "prefix_wif": "99",
    "prefixes_wif": [
      ["9488B21E", "YXsf", "public",  false, "legacy",      "p2pkh"],
      ["9488B21E", "YXsf", "public",  true,  "legacy",      "p2sh"],
      ["9488ADE4", "YXsc", "private", false, "legacy",      "p2pkh"],
      ["9488ADE4", "YXsc", "private", true,  "legacy",      "p2sh"],
      ["9488B21E", "YXsf", "public",  false, "p2sh-segwit", "p2sh_p2wpkh"],
      ["9488B21E", "YXsf", "public",  true,  "p2sh-segwit", "p2sh_p2wsh"],
      ["9488ADE4", "YXsc", "private", false, "p2sh-segwit", "p2sh_p2wpkh"],
      ["9488ADE4", "YXsc", "private", true,  "p2sh-segwit", "p2sh_p2wsh"],
      ["9488B21E", "YXsf", "public",  false, "segwit",      "p2wpkh"],
      ["9488B21E", "YXsf", "public",  true,  "segwit",      "p2wsh"],
      ["9488ADE4", "YXsc", "private", false, "segwit",      "p2wpkh"],
      ["9488ADE4", "YXsc", "private", true,  "segwit",      "p2wsh"]
    ],
    "bip44_cointype": 9999999,
    "denominator": 0.00000001,
    "dust_amount": 1000,
    "fee_default": 10000,
    "fee_min": 1000,
    "fee_max": 1000000,
    "priority": 2
  },
  "bitcoin":
  {
    "description": "Bitcoin",
    "currency_name": "bitcoin",
    "currency_name_plural": "bitcoins",
    "currency_symbol": "฿",
    "currency_code": "BTC",
    "prefix_address": "00",
    "prefix_address_p2sh": "05",
    "prefix_bech32": "bc",
    "prefix_wif": "80",
    "prefixes_wif": [
      ["0488B21E", "xpub", "public",  false, "legacy",      "p2pkh"],
      ["0488B21E", "xpub", "public",  true,  "legacy",      "p2sh"],
      ["0488ADE4", "xprv", "private", false, "legacy",      "p2pkh"],
      ["0488ADE4", "xprv", "private", true,  "legacy",      "p2sh"],
      ["049D7CB2", "ypub", "public",  false, "p2sh-segwit", "p2sh_p2wpkh"],
      ["0295B43F", "Ypub", "public",  true,  "p2sh-segwit", "p2sh_p2wsh"],
      ["049D7878", "yprv", "private", false, "p2sh-segwit", "p2sh_p2wpkh"],
      ["0295B005", "Yprv", "private", true,  "p2sh-segwit", "p2sh_p2wsh"],
      ["04B24746", "zpub", "public",  false, "segwit",      "p2wpkh"],
      ["02AA7ED3", "Zpub", "public",  true,  "segwit",      "p2wsh"],
      ["04B2430C", "zprv", "private", false, "segwit",      "p2wpkh"],
      ["02AA7A99", "Zprv", "private", true,  "segwit",      "p2wsh"]
    ],
    "bip44_cointype": 0,
    "denominator": 0.00000001,
    "dust_amount": 1000,
    "fee_default": null,
    "fee_min": 250,
    "fee_max": 1000000,
    "priority": 12
  },
  "testnet":
  {
    "description": "Bitcoin Test Network 3",
    "currency_name": "test-bitcoin",
    "currency_name_plural": "test-bitcoins",
    "currency_symbol": "TBTC",
    "currency_code": "TBTC",
    "prefix_address": "6F",
    "prefix_address_p2sh": "C4",
    "prefix_bech32": "tb",
    "prefix_wif": "EF",
    "prefixes_wif": [
      ["043587CF", "tpub", "public",  false, "legacy",      "p2pkh"],
      ["043587CF", "tpub", "public",  true,  "legacy",      "p2sh"],
      ["04358394", "tprv", "private", false, "legacy",      "p2pkh"],
      ["04358394", "tprv", "private", true,  "legacy",      "p2sh"],
      ["044A5262", "upub", "public",  false, "p2sh-segwit", "p2sh_p2wpkh"],
      ["024289EF", "Upub", "public",  true,  "p2sh-segwit", "p2sh_p2wsh"],
      ["044A4E28", "uprv", "private", false, "p2sh-segwit", "p2sh_p2wpkh"],
      ["024285B5", "Uprv", "private", true,  "p2sh-segwit", "p2sh_p2wsh"],
      ["045F1CF6", "vpub", "public",  false, "segwit",      "p2wpkh"],
      ["02575483", "Vpub", "public",  true,  "segwit",      "p2wsh"],
      ["045F18BC", "vprv", "private", false, "segwit",      "p2wpkh"],
      ["02575048", "Vprv", "private", true,  "segwit",      "p2wsh"]
    ],
    "bip44_cointype": 1,
    "denominator": 0.00000001,
    "dust_amount": 1000,
    "fee_default": 10000,
    "fee_min": 250,
    "fee_max": 2000000,
    "priority": 8
  },
  "litecoin":
  {
    "description": "Litecoin Network",
    "currency_name": "litecoin",
    "currency_name_plural": "litecoins",
    "currency_symbol": "LTC",
    "currency_code": "LTC",
    "prefix_address": "30",
    "prefix_address_p2sh": "32",
    "prefix_bech32": "ltc",
    "prefix_wif": "B0",
    "prefixes_wif": [
      ["019DA462", "Ltub", "public",  false, "legacy",      "p2pkh"],
      ["019DA462", "Ltub", "public",  true,  "legacy",      "p2sh"],
      ["019D9CFE", "Ltpv", "private", false, "legacy",      "p2pkh"],
      ["019D9CFE", "Ltpv", "private", true,  "legacy",      "p2sh"],
      ["01B26EF6", "Mtub", "public",  false, "p2sh-segwit", "p2sh_p2wpkh"],
      ["01B26EF6", "Mtub", "public",  true,  "p2sh-segwit", "p2sh_p2wsh"],
      ["01B26792", "Mtpv", "private", false, "p2sh-segwit", "p2sh_p2wpkh"],
      ["01B26792", "Mtpv", "private", true,  "p2sh-segwit", "p2sh_p2wsh"],
      ["01B26EF6", "Mtub", "public",  false, "segwit",      "p2wpkh"],
      ["01B26EF6", "Mtub", "public",  true,  "segwit",      "p2wsh"],
      ["01B26792", "Mtpv", "private", false, "segwit",      "p2wpkh"],
      ["01B26792", "Mtpv", "private", true,  "segwit",      "p2wsh"]
    ],
    "bip44_cointype": 2,
    "denominator": 0.00000001,
    "dust_amount": 1000,
    "fee_default": 50000,
    "fee_min": 1000,
    "fee_max": 1000000,
    "priority": 10
  },
  "litecoin_legacy":
  {
    "description": "Litecoin Legacy Network",
    "currency_name": "litecoin",
    "currency_name_plural": "litecoins",
    "currency_symbol": "LTC",
    "currency_code": "LTC",
    "prefix_address": "30",
    "prefix_address_p2sh": "05",
    "prefix_bech32": "ltc",
    "prefix_wif": "B0",
    "prefixes_wif": [
      ["019DA462", "Ltub", "public",  false, "legacy",      "p2pkh"],
      ["019DA462", "Ltub", "public",  true,  "legacy",      "p2sh"],
      ["019D9CFE", "Ltpv", "private", false, "legacy",      "p2pkh"],
      ["019D9CFE", "Ltpv", "private", true,  "legacy",      "p2sh"],
      ["01B26EF6", "Mtub", "public",  false, "p2sh-segwit", "p2sh_p2wpkh"],
      ["01B26EF6", "Mtub", "public",  true,  "p2sh-segwit", "p2sh_p2wsh"],
      ["01B26792", "Mtpv", "private", false, "p2sh-segwit", "p2sh_p2wpkh"],
      ["01B26792", "Mtpv", "private", true,  "p2sh-segwit", "p2sh_p2wsh"],
      ["01B26EF6", "Mtub", "public",  false, "segwit",      "p2wpkh"],
      ["01B26EF6", "Mtub", "public",  true,  "segwit",      "p2wsh"],
      ["01B26792", "Mtpv", "private", false, "segwit",      "p2wpkh"],
      ["01B26792", "Mtpv", "private", true,  "segwit",      "p2wsh"]
    ],
    "bip44_cointype": 2,
    "denominator": 0.00000001,
    "dust_amount": 1000,
    "fee_default": 50000,
    "fee_min": 1000,
    "fee_max": 1000000,
    "priority": 8
  },
  "litecoin_testnet":
  {
    "description": "Litecoin Test Network",
    "currency_name": "test-litecoin",
    "currency_name_plural": "test-litecoins",
    "currency_symbol": "XLT",
    "currency_code": "XLT",
    "prefix_address": "6F",
    "prefix_address_p2sh": "3A",
    "prefix_bech32": "tltc",
    "prefix_wif": "EF",
    "prefixes_wif": [
      ["0436F6E1", "ttub", "public",  false, "legacy",      "p2pkh"],
      ["0436F6E1", "ttub", "public",  true,  "legacy",      "p2sh"],
      ["0436EF7D", "ttpv", "private", false, "legacy",      "p2pkh"],
      ["0436EF7D", "ttpv", "private", true,  "legacy",      "p2sh"],
      ["0436F6E1", "ttub", "public",  false, "p2sh-segwit", "p2sh_p2wpkh"],
      ["0436F6E1", "ttub", "public",  true,  "p2sh-segwit", "p2sh_p2wsh"],
      ["0436EF7D", "ttpv", "private", false, "p2sh-segwit", "p2sh_p2wpkh"],
      ["0436EF7D", "ttpv", "private", true,  "p2sh-segwit", "p2sh_p2wsh"],
      ["0436F6E1", "ttub", "public",  false, "segwit",      "p2wpkh"],
      ["0436F6E1", "ttub", "public",  true,  "segwit",      "p2wsh"],
      ["0436EF7D", "ttpv", "private", false, "segwit",      "p2wpkh"],
      ["0436EF7D", "ttpv", "private", true,  "segwit",      "p2wsh"]
    ],
    "bip44_cointype": 1,
    "denominator": 0.00000001,
    "dust_amount": 1000,
    "fee_default": 50000,
    "fee_min": 1000,
    "fee_max": 1000000,
    "priority": 6
  },
  "dash":
  {
    "description": "Dash Network",
    "currency_name": "dash",
    "currency_name_plural": "dash coins",
    "currency_symbol": "DASH",
    "currency_code": "DASH",
    "prefix_address": "4C",
    "prefix_address_p2sh": "10",
    "prefix_bech32": "dash",
    "prefix_wif": "CC",
    "prefixes_wif": [
      ["0488B21E", "xpub", "public",  false, "legacy",      "p2pkh"],
      ["0488B21E", "xpub", "public",  true,  "legacy",      "p2sh"],
      ["0488ADE4", "xprv", "private", false, "legacy",      "p2pkh"],
      ["0488ADE4", "xprv", "private", true,  "legacy",      "p2sh"]
    ],
    "bip44_cointype": 5,
    "denominator": 0.00000001,
    "dust_amount": 1000,
    "fee_default": 2000,
    "fee_min": 1000,
    "fee_max": 50000,
    "priority": 10
  },
  "dash_testnet":
  {
    "description": "Dash Testnet Network",
    "currency_name": "test-dash coins",
    "currency_name_plural": "test-dash",
    "currency_symbol": "tDASH",
    "currency_code": "tDASH",
    "prefix_address": "8C",
    "prefix_address_p2sh": "13",
    "prefix_bech32": "tdash",
    "prefix_wif": "EF",
    "prefixes_wif": [
      ["043587CF", "tpub", "public",  false, "legacy",      "p2pkh"],
      ["043587CF", "tpub", "public",  true,  "legacy",      "p2sh"],
      ["04358394", "tprv", "private", false, "legacy",      "p2pkh"],
      ["04358394", "tprv", "private", true,  "legacy",      "p2sh"]
    ],
    "bip44_cointype": 1,
    "denominator": 0.00000001,
    "dust_amount": 1000,
    "fee_default": 10000,
    "fee_min": 1000,
    "fee_max": 50000,
    "priority": 6
  },
  "groestlcoin":
  {
    "description": "Groestlcoin",
    "currency_name": "groestlcoin",
    "currency_name_plural": "groestlcoins",
    "currency_symbol": "Ǥ",
    "currency_code": "GRS",
    "prefix_address": "24",
    "prefix_address_p2sh": "05",
    "prefix_bech32": "grs",
    "prefix_wif": "80",
    "prefixes_wif": [
      ["0488B21E", "xpub", "public",  false, "legacy",      "p2pkh"],
      ["0488B21E", "xpub", "public",  true,  "legacy",      "p2sh"],
      ["0488ADE4", "xprv", "private", false, "legacy",      "p2pkh"],
      ["0488ADE4", "xprv", "private", true,  "legacy",      "p2sh"],
      ["049D7CB2", "ypub", "public",  false, "p2sh-segwit", "p2sh_p2wpkh"],
      ["0295B43F", "Ypub", "public",  true,  "p2sh-segwit", "p2sh_p2wsh"],
      ["049D7878", "yprv", "private", false, "p2sh-segwit", "p2sh_p2wpkh"],
      ["0295B005", "Yprv", "private", true,  "p2sh-segwit", "p2sh_p2wsh"],
      ["04B24746", "zpub", "public",  false, "segwit",      "p2wpkh"],
      ["02AA7ED3", "Zpub", "public",  true,  "segwit",      "p2wsh"],
      ["04B2430C", "zprv", "private", false, "segwit",      "p2wpkh"],
      ["02AA7A99", "Zprv", "private", true,  "segwit",      "p2wsh"]
    ],
    "bip44_cointype": 17,
    "denominator": 0.00000001,
    "dust_amount": 1000,
    "fee_default": null,
    "fee_min": 250,
    "fee_max": 1000000,
    "priority": 12
  },
  "groestlcoin_testnet":
  {
    "description": "Groestlcoin Test Network",
    "currency_name": "test-groestlcoin",
    "currency_name_plural": "test-groestlcoins",
    "currency_symbol": "TGRS",
    "currency_code": "TGRS",
    "prefix_address": "6F",
    "prefix_address_p2sh": "C4",
    "prefix_bech32": "tgrs",
    "prefix_wif": "EF",
    "prefixes_wif": [
      ["043587CF", "tpub", "public",  false, "legacy",      "p2pkh"],
      ["043587CF", "tpub", "public",  true,  "legacy",      "p2sh"],
      ["04358394", "tprv", "private", false, "legacy",      "p2pkh"],
      ["04358394", "tprv", "private", true,  "legacy",      "p2sh"],
      ["044A5262", "upub", "public",  false, "p2sh-segwit", "p2sh_p2wpkh"],
      ["024289EF", "Upub", "public",  true,  "p2sh-segwit", "p2sh_p2wsh"],
      ["044A4E28", "uprv", "private", false, "p2sh-segwit", "p2sh_p2wpkh"],
      ["024285B5", "Uprv", "private", true,  "p2sh-segwit", "p2sh_p2wsh"],
      ["045F1CF6", "vpub", "public",  false, "segwit",      "p2wpkh"],
      ["02575483", "Vpub", "public",  true,  "segwit",      "p2wsh"],
      ["045F18BC", "vprv", "private", false, "segwit",      "p2wpkh"],
      ["02575048", "Vprv", "private", true,  "segwit",      "p2wsh"]
    ],
    "bip44_cointype": 1,
    "denominator": 0.00000001,
    "dust_amount": 1000,
    "fee_default": 10000,
    "fee_min": 250,
    "fee_max": 2000000,
    "priority": 8
  }
}
